{"main":"customer-bank-account-manaement.raml","name":"BANKING-Customer-account-creation","groupId":"cb136a4d-02be-4d11-b3c9-6c2c061d9842","assetId":"banking-customer-account-creation","version":"1.0.1","classifier":"raml","tags":[],"descriptorVersion":"1.0.0","organizationId":"cb136a4d-02be-4d11-b3c9-6c2c061d9842","apiVersion":"v1","originalFormatVersion":"1.0","metadata":{"projectId":"74b0322a-d2f6-4035-96de-80a168381658","branchId":"master","commitId":"ca9849158b57d4e1697ad8a66b47a3b0ec0041e3"}}